,image_name,target
0,image_0.jpg,0
1,image_1.jpg,0
2,image_10.jpg,0
3,image_11.jpg,0
4,image_12.jpg,0
5,image_13.jpg,0
6,image_14.jpg,0
7,image_15.jpg,0
8,image_16.jpg,0
9,image_17.jpg,0
10,image_18.jpg,0
11,image_19.jpg,0
12,image_2.jpg,0
13,image_20.jpg,0
14,image_21.jpg,0
15,image_22.jpg,0
16,image_23.jpg,0
17,image_24.jpg,0
18,image_25.jpg,0
19,image_26.jpg,0
20,image_27.jpg,0
21,image_28.jpg,0
22,image_29.jpg,0
23,image_3.jpg,0
24,image_30.jpg,0
25,image_31.jpg,0
26,image_32.jpg,0
27,image_33.jpg,0
28,image_34.jpg,0
29,image_35.jpg,0
30,image_36.jpg,0
31,image_37.jpg,0
32,image_38.jpg,0
33,image_39.jpg,0
34,image_4.jpg,0
35,image_40.jpg,0
36,image_41.jpg,0
37,image_42.jpg,0
38,image_43.jpg,0
39,image_44.jpg,0
40,image_45.jpg,0
41,image_46.jpg,0
42,image_47.jpg,0
43,image_48.jpg,0
44,image_49.jpg,0
45,image_5.jpg,0
46,image_50.jpg,0
47,image_51.jpg,0
48,image_52.jpg,0
49,image_53.jpg,0
50,image_54.jpg,0
51,image_55.jpg,0
52,image_56.jpg,0
53,image_57.jpg,0
54,image_58.jpg,0
55,image_59.jpg,0
56,image_6.jpg,0
57,image_60.jpg,0
58,image_61.jpg,0
59,image_62.jpg,0
60,image_63.jpg,0
61,image_64.jpg,0
62,image_65.jpg,0
63,image_66.jpg,0
64,image_67.jpg,0
65,image_68.jpg,0
66,image_69.jpg,0
67,image_7.jpg,0
68,image_70.jpg,0
69,image_71.jpg,0
70,image_72.jpg,0
71,image_73.jpg,0
72,image_74.jpg,0
73,image_75.jpg,0
74,image_76.jpg,0
75,image_77.jpg,0
76,image_78.jpg,0
77,image_79.jpg,0
78,image_8.jpg,0
79,image_80.jpg,0
80,image_81.jpg,0
81,image_82.jpg,0
82,image_83.jpg,0
83,image_84.jpg,0
84,image_85.jpg,0
85,image_86.jpg,0
86,image_87.jpg,0
87,image_88.jpg,0
88,image_89.jpg,0
89,image_9.jpg,0
90,image_90.jpg,0
91,image_91.jpg,0
92,image_92.jpg,0
93,image_93.jpg,0
94,image_94.jpg,0
95,image_95.jpg,0
96,image_96.jpg,0
97,image_97.jpg,0
98,image_98.jpg,0
99,image_99.jpg,0
100,image_100.jpg,1
101,image_101.jpg,1
102,image_102.jpg,1
103,image_103.jpg,1
104,image_104.jpg,1
105,image_105.jpg,1
106,image_106.jpg,1
107,image_107.jpg,1
108,image_108.jpg,1
109,image_109.jpg,1
110,image_110.jpg,1
111,image_111.jpg,1
112,image_112.jpg,1
113,image_113.jpg,1
114,image_114.jpg,1
115,image_115.jpg,1
116,image_116.jpg,1
117,image_117.jpg,1
118,image_118.jpg,1
119,image_119.jpg,1
120,image_120.jpg,1
121,image_121.jpg,1
122,image_122.jpg,1
123,image_123.jpg,1
124,image_124.jpg,1
125,image_125.jpg,1
126,image_126.jpg,1
127,image_127.jpg,1
128,image_128.jpg,1
129,image_129.jpg,1
130,image_130.jpg,1
131,image_131.jpg,1
132,image_132.jpg,1
133,image_133.jpg,1
134,image_134.jpg,1
135,image_135.jpg,1
136,image_136.jpg,1
137,image_137.jpg,1
138,image_138.jpg,1
139,image_139.jpg,1
140,image_140.jpg,1
141,image_141.jpg,1
142,image_142.jpg,1
143,image_143.jpg,1
144,image_144.jpg,1
145,image_145.jpg,1
146,image_146.jpg,1
147,image_147.jpg,1
148,image_148.jpg,1
149,image_149.jpg,1
150,image_150.jpg,1
151,image_151.jpg,1
152,image_152.jpg,1
153,image_153.jpg,1
154,image_154.jpg,1
155,image_155.jpg,1
156,image_156.jpg,1
157,image_157.jpg,1
158,image_158.jpg,1
159,image_159.jpg,1
160,image_160.jpg,1
161,image_161.jpg,1
162,image_162.jpg,1
163,image_163.jpg,1
164,image_164.jpg,1
165,image_165.jpg,1
166,image_166.jpg,1
167,image_167.jpg,1
168,image_168.jpg,1
169,image_169.jpg,1
170,image_170.jpg,1
171,image_171.jpg,1
172,image_172.jpg,1
173,image_173.jpg,1
174,image_174.jpg,1
175,image_175.jpg,1
176,image_176.jpg,1
177,image_177.jpg,1
178,image_178.jpg,1
179,image_179.jpg,1
180,image_180.jpg,1
181,image_181.jpg,1
182,image_182.jpg,1
183,image_183.jpg,1
184,image_184.jpg,1
185,image_185.jpg,1
186,image_186.jpg,1
187,image_187.jpg,1
188,image_188.jpg,1
189,image_189.jpg,1
190,image_190.jpg,1
191,image_191.jpg,1
192,image_192.jpg,1
193,image_193.jpg,1
194,image_194.jpg,1
195,image_195.jpg,1
196,image_196.jpg,1
197,image_197.jpg,1
198,image_198.jpg,1
199,image_199.jpg,1
200,image_200.jpg,2
201,image_201.jpg,2
202,image_202.jpg,2
203,image_203.jpg,2
204,image_204.jpg,2
205,image_205.jpg,2
206,image_206.jpg,2
207,image_207.jpg,2
208,image_208.jpg,2
209,image_209.jpg,2
210,image_210.jpg,2
211,image_211.jpg,2
212,image_212.jpg,2
213,image_213.jpg,2
214,image_214.jpg,2
215,image_215.jpg,2
216,image_216.jpg,2
217,image_217.jpg,2
218,image_218.jpg,2
219,image_219.jpg,2
220,image_220.jpg,2
221,image_221.jpg,2
222,image_222.jpg,2
223,image_223.jpg,2
224,image_224.jpg,2
225,image_225.jpg,2
226,image_226.jpg,2
227,image_227.jpg,2
228,image_228.jpg,2
229,image_229.jpg,2
230,image_230.jpg,2
231,image_231.jpg,2
232,image_232.jpg,2
233,image_233.jpg,2
234,image_234.jpg,2
235,image_235.jpg,2
236,image_236.jpg,2
237,image_237.jpg,2
238,image_238.jpg,2
239,image_239.jpg,2
240,image_240.jpg,2
241,image_241.jpg,2
242,image_242.jpg,2
243,image_243.jpg,2
244,image_244.jpg,2
245,image_245.jpg,2
246,image_246.jpg,2
247,image_247.jpg,2
248,image_248.jpg,2
249,image_249.jpg,2
250,image_250.jpg,2
251,image_251.jpg,2
252,image_252.jpg,2
253,image_253.jpg,2
254,image_254.jpg,2
255,image_255.jpg,2
256,image_256.jpg,2
257,image_257.jpg,2
258,image_258.jpg,2
259,image_259.jpg,2
260,image_260.jpg,2
261,image_261.jpg,2
262,image_262.jpg,2
263,image_263.jpg,2
264,image_264.jpg,2
265,image_265.jpg,2
266,image_266.jpg,2
267,image_267.jpg,2
268,image_268.jpg,2
269,image_269.jpg,2
270,image_270.jpg,2
271,image_271.jpg,2
272,image_272.jpg,2
273,image_273.jpg,2
274,image_274.jpg,2
275,image_275.jpg,2
276,image_276.jpg,2
277,image_277.jpg,2
278,image_278.jpg,2
279,image_279.jpg,2
280,image_280.jpg,2
281,image_281.jpg,2
282,image_282.jpg,2
283,image_283.jpg,2
284,image_284.jpg,2
285,image_285.jpg,2
286,image_286.jpg,2
287,image_287.jpg,2
288,image_288.jpg,2
289,image_289.jpg,2
290,image_290.jpg,2
291,image_291.jpg,2
292,image_292.jpg,2
293,image_293.jpg,2
294,image_294.jpg,2
295,image_295.jpg,2
296,image_296.jpg,2
297,image_297.jpg,2
298,image_298.jpg,2
299,image_299.jpg,2
300,image_300.jpg,3
301,image_301.jpg,3
302,image_302.jpg,3
303,image_303.jpg,3
304,image_304.jpg,3
305,image_305.jpg,3
306,image_306.jpg,3
307,image_307.jpg,3
308,image_308.jpg,3
309,image_309.jpg,3
310,image_310.jpg,3
311,image_311.jpg,3
312,image_312.jpg,3
313,image_313.jpg,3
314,image_314.jpg,3
315,image_315.jpg,3
316,image_316.jpg,3
317,image_317.jpg,3
318,image_318.jpg,3
319,image_319.jpg,3
320,image_320.jpg,3
321,image_321.jpg,3
322,image_322.jpg,3
323,image_323.jpg,3
324,image_324.jpg,3
325,image_325.jpg,3
326,image_326.jpg,3
327,image_327.jpg,3
328,image_328.jpg,3
329,image_329.jpg,3
330,image_330.jpg,3
331,image_331.jpg,3
332,image_332.jpg,3
333,image_333.jpg,3
334,image_334.jpg,3
335,image_335.jpg,3
336,image_336.jpg,3
337,image_337.jpg,3
338,image_338.jpg,3
339,image_339.jpg,3
340,image_340.jpg,3
341,image_341.jpg,3
342,image_342.jpg,3
343,image_343.jpg,3
344,image_344.jpg,3
345,image_345.jpg,3
346,image_346.jpg,3
347,image_347.jpg,3
348,image_348.jpg,3
349,image_349.jpg,3
350,image_350.jpg,3
351,image_351.jpg,3
352,image_352.jpg,3
353,image_353.jpg,3
354,image_354.jpg,3
355,image_355.jpg,3
356,image_356.jpg,3
357,image_357.jpg,3
358,image_358.jpg,3
359,image_359.jpg,3
360,image_360.jpg,3
361,image_361.jpg,3
362,image_362.jpg,3
363,image_363.jpg,3
364,image_364.jpg,3
365,image_365.jpg,3
366,image_366.jpg,3
367,image_367.jpg,3
368,image_368.jpg,3
369,image_369.jpg,3
370,image_370.jpg,3
371,image_371.jpg,3
372,image_372.jpg,3
373,image_373.jpg,3
374,image_374.jpg,3
375,image_375.jpg,3
376,image_376.jpg,3
377,image_377.jpg,3
378,image_378.jpg,3
379,image_379.jpg,3
380,image_380.jpg,3
381,image_381.jpg,3
382,image_382.jpg,3
383,image_383.jpg,3
384,image_384.jpg,3
385,image_385.jpg,3
386,image_386.jpg,3
387,image_387.jpg,3
388,image_388.jpg,3
389,image_389.jpg,3
390,image_390.jpg,3
391,image_391.jpg,3
392,image_392.jpg,3
393,image_393.jpg,3
394,image_394.jpg,3
395,image_395.jpg,3
396,image_396.jpg,3
397,image_397.jpg,3
398,image_398.jpg,3
399,image_399.jpg,3
400,image_400.jpg,4
401,image_401.jpg,4
402,image_402.jpg,4
403,image_403.jpg,4
404,image_404.jpg,4
405,image_405.jpg,4
406,image_406.jpg,4
407,image_407.jpg,4
408,image_408.jpg,4
409,image_409.jpg,4
410,image_410.jpg,4
411,image_411.jpg,4
412,image_412.jpg,4
413,image_413.jpg,4
414,image_414.jpg,4
415,image_415.jpg,4
416,image_416.jpg,4
417,image_417.jpg,4
418,image_418.jpg,4
419,image_419.jpg,4
420,image_420.jpg,4
421,image_421.jpg,4
422,image_422.jpg,4
423,image_423.jpg,4
424,image_424.jpg,4
425,image_425.jpg,4
426,image_426.jpg,4
427,image_427.jpg,4
428,image_428.jpg,4
429,image_429.jpg,4
430,image_430.jpg,4
431,image_431.jpg,4
432,image_432.jpg,4
433,image_433.jpg,4
434,image_434.jpg,4
435,image_435.jpg,4
436,image_436.jpg,4
437,image_437.jpg,4
438,image_438.jpg,4
439,image_439.jpg,4
440,image_440.jpg,4
441,image_441.jpg,4
442,image_442.jpg,4
443,image_443.jpg,4
444,image_444.jpg,4
445,image_445.jpg,4
446,image_446.jpg,4
447,image_447.jpg,4
448,image_448.jpg,4
449,image_449.jpg,4
450,image_450.jpg,4
451,image_451.jpg,4
452,image_452.jpg,4
453,image_453.jpg,4
454,image_454.jpg,4
455,image_455.jpg,4
456,image_456.jpg,4
457,image_457.jpg,4
458,image_458.jpg,4
459,image_459.jpg,4
460,image_460.jpg,4
461,image_461.jpg,4
462,image_462.jpg,4
463,image_463.jpg,4
464,image_464.jpg,4
465,image_465.jpg,4
466,image_466.jpg,4
467,image_467.jpg,4
468,image_468.jpg,4
469,image_469.jpg,4
470,image_470.jpg,4
471,image_471.jpg,4
472,image_472.jpg,4
473,image_473.jpg,4
474,image_474.jpg,4
475,image_475.jpg,4
476,image_476.jpg,4
477,image_477.jpg,4
478,image_478.jpg,4
479,image_479.jpg,4
480,image_480.jpg,4
481,image_481.jpg,4
482,image_482.jpg,4
483,image_483.jpg,4
484,image_484.jpg,4
485,image_485.jpg,4
486,image_486.jpg,4
487,image_487.jpg,4
488,image_488.jpg,4
489,image_489.jpg,4
490,image_490.jpg,4
491,image_491.jpg,4
492,image_492.jpg,4
493,image_493.jpg,4
494,image_494.jpg,4
495,image_495.jpg,4
496,image_496.jpg,4
497,image_497.jpg,4
498,image_498.jpg,4
499,image_499.jpg,4
500,image_500.jpg,5
501,image_501.jpg,5
502,image_502.jpg,5
503,image_503.jpg,5
504,image_504.jpg,5
505,image_505.jpg,5
506,image_506.jpg,5
507,image_507.jpg,5
508,image_508.jpg,5
509,image_509.jpg,5
510,image_510.jpg,5
511,image_511.jpg,5
512,image_512.jpg,5
513,image_513.jpg,5
514,image_514.jpg,5
515,image_515.jpg,5
516,image_516.jpg,5
517,image_517.jpg,5
518,image_518.jpg,5
519,image_519.jpg,5
520,image_520.jpg,5
521,image_521.jpg,5
522,image_522.jpg,5
523,image_523.jpg,5
524,image_524.jpg,5
525,image_525.jpg,5
526,image_526.jpg,5
527,image_527.jpg,5
528,image_528.jpg,5
529,image_529.jpg,5
530,image_530.jpg,5
531,image_531.jpg,5
532,image_532.jpg,5
533,image_533.jpg,5
534,image_534.jpg,5
535,image_535.jpg,5
536,image_536.jpg,5
537,image_537.jpg,5
538,image_538.jpg,5
539,image_539.jpg,5
540,image_540.jpg,5
541,image_541.jpg,5
542,image_542.jpg,5
543,image_543.jpg,5
544,image_544.jpg,5
545,image_545.jpg,5
546,image_546.jpg,5
547,image_547.jpg,5
548,image_548.jpg,5
549,image_549.jpg,5
550,image_550.jpg,5
551,image_551.jpg,5
552,image_552.jpg,5
553,image_553.jpg,5
554,image_554.jpg,5
555,image_555.jpg,5
556,image_556.jpg,5
557,image_557.jpg,5
558,image_558.jpg,5
559,image_559.jpg,5
560,image_560.jpg,5
561,image_561.jpg,5
562,image_562.jpg,5
563,image_563.jpg,5
564,image_564.jpg,5
565,image_565.jpg,5
566,image_566.jpg,5
567,image_567.jpg,5
568,image_568.jpg,5
569,image_569.jpg,5
570,image_570.jpg,5
571,image_571.jpg,5
572,image_572.jpg,5
573,image_573.jpg,5
574,image_574.jpg,5
575,image_575.jpg,5
576,image_576.jpg,5
577,image_577.jpg,5
578,image_578.jpg,5
579,image_579.jpg,5
580,image_580.jpg,5
581,image_581.jpg,5
582,image_582.jpg,5
583,image_583.jpg,5
584,image_584.jpg,5
585,image_585.jpg,5
586,image_586.jpg,5
587,image_587.jpg,5
588,image_588.jpg,5
589,image_589.jpg,5
590,image_590.jpg,5
591,image_591.jpg,5
592,image_592.jpg,5
593,image_593.jpg,5
594,image_594.jpg,5
595,image_595.jpg,5
596,image_596.jpg,5
597,image_597.jpg,5
598,image_598.jpg,5
599,image_599.jpg,5
600,image_600.jpg,6
601,image_601.jpg,6
602,image_602.jpg,6
603,image_603.jpg,6
604,image_604.jpg,6
605,image_605.jpg,6
606,image_606.jpg,6
607,image_607.jpg,6
608,image_608.jpg,6
609,image_609.jpg,6
610,image_610.jpg,6
611,image_611.jpg,6
612,image_612.jpg,6
613,image_613.jpg,6
614,image_614.jpg,6
615,image_615.jpg,6
616,image_616.jpg,6
617,image_617.jpg,6
618,image_618.jpg,6
619,image_619.jpg,6
620,image_620.jpg,6
621,image_621.jpg,6
622,image_622.jpg,6
623,image_623.jpg,6
624,image_624.jpg,6
625,image_625.jpg,6
626,image_626.jpg,6
627,image_627.jpg,6
628,image_628.jpg,6
629,image_629.jpg,6
630,image_630.jpg,6
631,image_631.jpg,6
632,image_632.jpg,6
633,image_633.jpg,6
634,image_634.jpg,6
635,image_635.jpg,6
636,image_636.jpg,6
637,image_637.jpg,6
638,image_638.jpg,6
639,image_639.jpg,6
640,image_640.jpg,6
641,image_641.jpg,6
642,image_642.jpg,6
643,image_643.jpg,6
644,image_644.jpg,6
645,image_645.jpg,6
646,image_646.jpg,6
647,image_647.jpg,6
648,image_648.jpg,6
649,image_649.jpg,6
650,image_650.jpg,6
651,image_651.jpg,6
652,image_652.jpg,6
653,image_653.jpg,6
654,image_654.jpg,6
655,image_655.jpg,6
656,image_656.jpg,6
657,image_657.jpg,6
658,image_658.jpg,6
659,image_659.jpg,6
660,image_660.jpg,6
661,image_661.jpg,6
662,image_662.jpg,6
663,image_663.jpg,6
664,image_664.jpg,6
665,image_665.jpg,6
666,image_666.jpg,6
667,image_667.jpg,6
668,image_668.jpg,6
669,image_669.jpg,6
670,image_670.jpg,6
671,image_671.jpg,6
672,image_672.jpg,6
673,image_673.jpg,6
674,image_674.jpg,6
675,image_675.jpg,6
676,image_676.jpg,6
677,image_677.jpg,6
678,image_678.jpg,6
679,image_679.jpg,6
680,image_680.jpg,6
681,image_681.jpg,6
682,image_682.jpg,6
683,image_683.jpg,6
684,image_684.jpg,6
685,image_685.jpg,6
686,image_686.jpg,6
687,image_687.jpg,6
688,image_688.jpg,6
689,image_689.jpg,6
690,image_690.jpg,6
691,image_691.jpg,6
692,image_692.jpg,6
693,image_693.jpg,6
694,image_694.jpg,6
695,image_695.jpg,6
696,image_696.jpg,6
697,image_697.jpg,6
698,image_698.jpg,6
699,image_699.jpg,6
700,image_700.jpg,7
701,image_701.jpg,7
702,image_702.jpg,7
703,image_703.jpg,7
704,image_704.jpg,7
705,image_705.jpg,7
706,image_706.jpg,7
707,image_707.jpg,7
708,image_708.jpg,7
709,image_709.jpg,7
710,image_710.jpg,7
711,image_711.jpg,7
712,image_712.jpg,7
713,image_713.jpg,7
714,image_714.jpg,7
715,image_715.jpg,7
716,image_716.jpg,7
717,image_717.jpg,7
718,image_718.jpg,7
719,image_719.jpg,7
720,image_720.jpg,7
721,image_721.jpg,7
722,image_722.jpg,7
723,image_723.jpg,7
724,image_724.jpg,7
725,image_725.jpg,7
726,image_726.jpg,7
727,image_727.jpg,7
728,image_728.jpg,7
729,image_729.jpg,7
730,image_730.jpg,7
731,image_731.jpg,7
732,image_732.jpg,7
733,image_733.jpg,7
734,image_734.jpg,7
735,image_735.jpg,7
736,image_736.jpg,7
737,image_737.jpg,7
738,image_738.jpg,7
739,image_739.jpg,7
740,image_740.jpg,7
741,image_741.jpg,7
742,image_742.jpg,7
743,image_743.jpg,7
744,image_744.jpg,7
745,image_745.jpg,7
746,image_746.jpg,7
747,image_747.jpg,7
748,image_748.jpg,7
749,image_749.jpg,7
750,image_750.jpg,7
751,image_751.jpg,7
752,image_752.jpg,7
753,image_753.jpg,7
754,image_754.jpg,7
755,image_755.jpg,7
756,image_756.jpg,7
757,image_757.jpg,7
758,image_758.jpg,7
759,image_759.jpg,7
760,image_760.jpg,7
761,image_761.jpg,7
762,image_762.jpg,7
763,image_763.jpg,7
764,image_764.jpg,7
765,image_765.jpg,7
766,image_766.jpg,7
767,image_767.jpg,7
768,image_768.jpg,7
769,image_769.jpg,7
770,image_770.jpg,7
771,image_771.jpg,7
772,image_772.jpg,7
773,image_773.jpg,7
774,image_774.jpg,7
775,image_775.jpg,7
776,image_776.jpg,7
777,image_777.jpg,7
778,image_778.jpg,7
779,image_779.jpg,7
780,image_780.jpg,7
781,image_781.jpg,7
782,image_782.jpg,7
783,image_783.jpg,7
784,image_784.jpg,7
785,image_785.jpg,7
786,image_786.jpg,7
787,image_787.jpg,7
788,image_788.jpg,7
789,image_789.jpg,7
790,image_790.jpg,7
791,image_791.jpg,7
792,image_792.jpg,7
793,image_793.jpg,7
794,image_794.jpg,7
795,image_795.jpg,7
796,image_796.jpg,7
797,image_797.jpg,7
798,image_798.jpg,7
799,image_799.jpg,7
800,image_800.jpg,8
801,image_801.jpg,8
802,image_802.jpg,8
803,image_803.jpg,8
804,image_804.jpg,8
805,image_805.jpg,8
806,image_806.jpg,8
807,image_807.jpg,8
808,image_808.jpg,8
809,image_809.jpg,8
810,image_810.jpg,8
811,image_811.jpg,8
812,image_812.jpg,8
813,image_813.jpg,8
814,image_814.jpg,8
815,image_815.jpg,8
816,image_816.jpg,8
817,image_817.jpg,8
818,image_818.jpg,8
819,image_819.jpg,8
820,image_820.jpg,8
821,image_821.jpg,8
822,image_822.jpg,8
823,image_823.jpg,8
824,image_824.jpg,8
825,image_825.jpg,8
826,image_826.jpg,8
827,image_827.jpg,8
828,image_828.jpg,8
829,image_829.jpg,8
830,image_830.jpg,8
831,image_831.jpg,8
832,image_832.jpg,8
833,image_833.jpg,8
834,image_834.jpg,8
835,image_835.jpg,8
836,image_836.jpg,8
837,image_837.jpg,8
838,image_838.jpg,8
839,image_839.jpg,8
840,image_840.jpg,8
841,image_841.jpg,8
842,image_842.jpg,8
843,image_843.jpg,8
844,image_844.jpg,8
845,image_845.jpg,8
846,image_846.jpg,8
847,image_847.jpg,8
848,image_848.jpg,8
849,image_849.jpg,8
850,image_850.jpg,8
851,image_851.jpg,8
852,image_852.jpg,8
853,image_853.jpg,8
854,image_854.jpg,8
855,image_855.jpg,8
856,image_856.jpg,8
857,image_857.jpg,8
858,image_858.jpg,8
859,image_859.jpg,8
860,image_860.jpg,8
861,image_861.jpg,8
862,image_862.jpg,8
863,image_863.jpg,8
864,image_864.jpg,8
865,image_865.jpg,8
866,image_866.jpg,8
867,image_867.jpg,8
868,image_868.jpg,8
869,image_869.jpg,8
870,image_870.jpg,8
871,image_871.jpg,8
872,image_872.jpg,8
873,image_873.jpg,8
874,image_874.jpg,8
875,image_875.jpg,8
876,image_876.jpg,8
877,image_877.jpg,8
878,image_878.jpg,8
879,image_879.jpg,8
880,image_880.jpg,8
881,image_881.jpg,8
882,image_882.jpg,8
883,image_883.jpg,8
884,image_884.jpg,8
885,image_885.jpg,8
886,image_886.jpg,8
887,image_887.jpg,8
888,image_888.jpg,8
889,image_889.jpg,8
890,image_890.jpg,8
891,image_891.jpg,8
892,image_892.jpg,8
893,image_893.jpg,8
894,image_894.jpg,8
895,image_895.jpg,8
896,image_896.jpg,8
897,image_897.jpg,8
898,image_898.jpg,8
899,image_899.jpg,8
900,image_900.jpg,9
901,image_901.jpg,9
902,image_902.jpg,9
903,image_903.jpg,9
904,image_904.jpg,9
905,image_905.jpg,9
906,image_906.jpg,9
907,image_907.jpg,9
908,image_908.jpg,9
909,image_909.jpg,9
910,image_910.jpg,9
911,image_911.jpg,9
912,image_912.jpg,9
913,image_913.jpg,9
914,image_914.jpg,9
915,image_915.jpg,9
916,image_916.jpg,9
917,image_917.jpg,9
918,image_918.jpg,9
919,image_919.jpg,9
920,image_920.jpg,9
921,image_921.jpg,9
922,image_922.jpg,9
923,image_923.jpg,9
924,image_924.jpg,9
925,image_925.jpg,9
926,image_926.jpg,9
927,image_927.jpg,9
928,image_928.jpg,9
929,image_929.jpg,9
930,image_930.jpg,9
931,image_931.jpg,9
932,image_932.jpg,9
933,image_933.jpg,9
934,image_934.jpg,9
935,image_935.jpg,9
936,image_936.jpg,9
937,image_937.jpg,9
938,image_938.jpg,9
939,image_939.jpg,9
940,image_940.jpg,9
941,image_941.jpg,9
942,image_942.jpg,9
943,image_943.jpg,9
944,image_944.jpg,9
945,image_945.jpg,9
946,image_946.jpg,9
947,image_947.jpg,9
948,image_948.jpg,9
949,image_949.jpg,9
950,image_950.jpg,9
951,image_951.jpg,9
952,image_952.jpg,9
953,image_953.jpg,9
954,image_954.jpg,9
955,image_955.jpg,9
956,image_956.jpg,9
957,image_957.jpg,9
958,image_958.jpg,9
959,image_959.jpg,9
960,image_960.jpg,9
961,image_961.jpg,9
962,image_962.jpg,9
963,image_963.jpg,9
964,image_964.jpg,9
965,image_965.jpg,9
966,image_966.jpg,9
967,image_967.jpg,9
968,image_968.jpg,9
969,image_969.jpg,9
970,image_970.jpg,9
971,image_971.jpg,9
972,image_972.jpg,9
973,image_973.jpg,9
974,image_974.jpg,9
975,image_975.jpg,9
976,image_976.jpg,9
977,image_977.jpg,9
978,image_978.jpg,9
979,image_979.jpg,9
980,image_980.jpg,9
981,image_981.jpg,9
982,image_982.jpg,9
983,image_983.jpg,9
984,image_984.jpg,9
985,image_985.jpg,9
986,image_986.jpg,9
987,image_987.jpg,9
988,image_988.jpg,9
989,image_989.jpg,9
990,image_990.jpg,9
991,image_991.jpg,9
992,image_992.jpg,9
993,image_993.jpg,9
994,image_994.jpg,9
995,image_995.jpg,9
996,image_996.jpg,9
997,image_997.jpg,9
998,image_998.jpg,9
999,image_999.jpg,9
1000,image_1000.jpg,10
1001,image_1001.jpg,10
1002,image_1002.jpg,10
1003,image_1003.jpg,10
1004,image_1004.jpg,10
1005,image_1005.jpg,10
1006,image_1006.jpg,10
1007,image_1007.jpg,10
1008,image_1008.jpg,10
1009,image_1009.jpg,10
1010,image_1010.jpg,10
1011,image_1011.jpg,10
1012,image_1012.jpg,10
1013,image_1013.jpg,10
1014,image_1014.jpg,10
1015,image_1015.jpg,10
1016,image_1016.jpg,10
1017,image_1017.jpg,10
1018,image_1018.jpg,10
1019,image_1019.jpg,10
1020,image_1020.jpg,10
1021,image_1021.jpg,10
1022,image_1022.jpg,10
1023,image_1023.jpg,10
1024,image_1024.jpg,10
1025,image_1025.jpg,10
1026,image_1026.jpg,10
1027,image_1027.jpg,10
1028,image_1028.jpg,10
1029,image_1029.jpg,10
1030,image_1030.jpg,10
1031,image_1031.jpg,10
1032,image_1032.jpg,10
1033,image_1033.jpg,10
1034,image_1034.jpg,10
1035,image_1035.jpg,10
1036,image_1036.jpg,10
1037,image_1037.jpg,10
1038,image_1038.jpg,10
1039,image_1039.jpg,10
1040,image_1040.jpg,10
1041,image_1041.jpg,10
1042,image_1042.jpg,10
1043,image_1043.jpg,10
1044,image_1044.jpg,10
1045,image_1045.jpg,10
1046,image_1046.jpg,10
1047,image_1047.jpg,10
1048,image_1048.jpg,10
1049,image_1049.jpg,10
1050,image_1050.jpg,10
1051,image_1051.jpg,10
1052,image_1052.jpg,10
1053,image_1053.jpg,10
1054,image_1054.jpg,10
1055,image_1055.jpg,10
1056,image_1056.jpg,10
1057,image_1057.jpg,10
1058,image_1058.jpg,10
1059,image_1059.jpg,10
1060,image_1060.jpg,10
1061,image_1061.jpg,10
1062,image_1062.jpg,10
1063,image_1063.jpg,10
1064,image_1064.jpg,10
1065,image_1065.jpg,10
1066,image_1066.jpg,10
1067,image_1067.jpg,10
1068,image_1068.jpg,10
1069,image_1069.jpg,10
1070,image_1070.jpg,10
1071,image_1071.jpg,10
1072,image_1072.jpg,10
1073,image_1073.jpg,10
1074,image_1074.jpg,10
1075,image_1075.jpg,10
1076,image_1076.jpg,10
1077,image_1077.jpg,10
1078,image_1078.jpg,10
1079,image_1079.jpg,10
1080,image_1080.jpg,10
1081,image_1081.jpg,10
1082,image_1082.jpg,10
1083,image_1083.jpg,10
1084,image_1084.jpg,10
1085,image_1085.jpg,10
1086,image_1086.jpg,10
1087,image_1087.jpg,10
1088,image_1088.jpg,10
1089,image_1089.jpg,10
1090,image_1090.jpg,10
1091,image_1091.jpg,10
1092,image_1092.jpg,10
1093,image_1093.jpg,10
1094,image_1094.jpg,10
1095,image_1095.jpg,10
1096,image_1096.jpg,10
1097,image_1097.jpg,10
1098,image_1098.jpg,10
1099,image_1099.jpg,10
